お仕事No.,応募数 合計
2203556553,2.9720461
2203515280,2.3072834
2203546900,2.4898782
2203545344,1.6440434
2203557987,1.8690426
2203511565,2.2481704
2203525420,1.7066705
2203494391,2.5763798
2203509988,2.6420922
2203554385,1.8762327
2203554555,2.8472812
2203559938,2.4555488
2203546898,2.333635
2203537199,1.7075406
2203509659,1.995756
2203526411,3.00541
2203558348,2.7428868
2203527442,2.5883162
2203548920,2.17522
2203539381,3.2340486
2203548939,2.1672893
2203514393,1.8826867
2203540200,2.6181269
2203552261,3.0205736
2203523737,1.7697362
2203511772,2.6553755
2203538462,2.7839434
2203545202,1.5719333
2203501746,2.0551777
2203551617,2.8748996
2203554360,2.720256
2203467767,1.8491646
2203559180,2.607425
2203526166,1.7774321
2203495958,2.6820836
2203552588,2.0114408
2203546087,1.7226132
2203557223,1.5534855
2203551388,2.4933422
2203553871,2.66683
2203528893,2.7898448
2203532652,2.601148
2203558645,2.8858464
2203517850,2.1881833
2203526826,1.85089
2203557114,2.8600788
2203559887,2.6104343
2203536595,1.899847
2203555803,2.805637
2203553962,2.6574554
2203508238,2.0516849
2203550996,2.9509144
2203558732,2.6421266
2203523111,3.046124
2203542663,2.6950126
2203531347,2.8119826
2203504071,2.6418276
2203548891,2.9760277
2203556983,2.6661701
2203526244,2.7259805
2203505822,2.6862512
2203555760,2.4918644
2203559881,2.3892283
2203556204,1.9484719
2203522916,2.7213206
2203540706,1.9163711
2203535805,2.5823808
2203550569,2.8366783
2203560065,2.8596852
2203554152,2.731806
2203558707,2.3154573
2203536025,2.761711
2203556657,2.587053
2203554919,2.6337855
2203548209,2.9020922
2203559357,1.802944
2203534402,2.7667708
2203549990,2.5033472
2203556312,2.1238534
2203550931,2.4824126
2203506584,3.4551103
2203556533,2.959151
2203554930,2.6901145
2203550201,2.724517
2203557199,2.6763287
2203545333,2.7730374
2203470445,3.0498471
2203552444,2.7519405
2203547445,2.7301877
2203554851,2.7064302
2203551513,2.5902534
2203541013,2.9112077
2203525798,1.8498169
2203531242,2.7995644
2203556362,2.7055783
2203539995,3.0448115
2203553418,2.1272707
2203556394,2.9284441
2203536899,2.7115493
2203558980,2.7693117
2203520412,2.5824754
2203555115,2.4336834
2203559140,2.8807871
2203559289,2.973866
2203559337,2.7141056
2203508914,2.3352578
2203537373,2.7297304
2203520321,2.6873043
2203545682,2.7956333
2203535788,2.92693
2203545476,1.7936537
2203531107,2.0728457
2203559834,2.5793793
2203555325,3.1295612
2203505337,2.7527747
2203554041,2.8275707
2203534249,3.0683403
2203512438,2.7988398
2203549488,2.7260628
2203519812,2.153292
2203537393,2.5228276
2203470577,2.783481
2203559873,2.855031
2203529749,2.9024937
2203555033,2.6902292
2203530605,2.857866
2203558818,2.6022594
2203552466,2.5274231
2203544503,2.325283
2203533521,2.8791678
2203510456,2.1574023
2203540838,1.8076352
2203558540,2.3376155
2203548293,2.7888474
2203515868,2.8758407
2203558121,2.0599718
2203490910,1.9860628
2203515598,3.0102015
2203558605,1.6738836
2203555034,3.3829372
2203516555,2.6754904
2203520581,2.931614
2203550726,1.8523624
2203549224,1.7083739
2203560047,2.822921
2203553869,2.66683
2203530089,2.8481982
2203558998,2.8589153
2203553951,2.5772254
2203545409,2.299215
2203531747,1.9835842
2203551308,2.698205
2203546600,2.8268428
2203526516,2.552852
2203516192,2.8232832
2203505481,2.6523223
2203539342,2.6365585
2203553728,2.9520903
2203559708,2.9096026
2203559408,2.8488302
2203555633,2.6792243
2203558672,2.7612329
2203559311,2.3174489
2203493732,2.2807255
2203521177,2.7776246
2203559072,2.7297304
2203536923,2.4122443
2203544600,3.3353946
2203537208,2.660818
2203559431,2.917257
2203558069,2.6239586
2203543492,2.7323546
2203528382,2.6859577
2203490372,2.6823342
2203553404,2.3636785
2203556405,2.5842443
2203557773,2.7355871
2203517069,2.1401768
2203558375,2.7854202
2203548832,2.9821365
2203556721,2.9123135
2203555367,2.693014
2203550740,2.7112732
2203556805,2.509066
2203558247,2.7272975
2203529373,1.8692659
2203555759,2.894278
2203552507,2.476031
2203526249,3.1962168
2203558978,2.4854603
2203485986,2.4616256
2203552678,2.7385817
2203482084,2.1704745
2203557975,2.4942575
2203506122,2.7034633
2203543130,2.663575
2203531125,2.7634928
2203537714,1.8646175
2203512320,2.9096038
2203556876,2.6539264
2203559960,2.9703498
2203558581,2.7723916
2203549503,2.7916493
2203539533,2.18013
2203504099,2.5078175
2203521163,2.0898595
2203548070,2.607425
2203547727,2.69993
2203551817,2.8201015
2203456354,2.6371222
2203555568,2.1362267
2203558365,2.8929098
2203548609,2.5355203
2203555205,2.500783
2203551593,2.3710155
2203523845,1.8830125
2203536828,2.697398
2203559400,2.76061
2203552271,2.2469342
2203559030,1.8894693
2203557511,3.0742195
2203559918,2.5365102
2203529052,1.6482259
2203541977,2.707275
2203548166,2.8559237
2203508498,2.7330863
2203544266,2.5483117
2203559157,3.0879867
2203551846,2.6211617
2203557952,2.921066
2203537524,2.9358761
2203526654,1.5950457
2203543743,3.1005893
2203560023,2.9141216
2203524319,1.9634825
2203559440,2.5146227
2203551549,2.4577317
2203553551,2.5275683
2203546287,1.9586337
2203465599,2.5954778
2203509562,2.9677212
2203558894,2.8810039
2203554790,2.8854725
2203557095,2.4594574
2203558970,2.5257137
2203527260,2.4574895
2203555917,2.9555576
2203551251,1.7931104
2203482674,2.9037843
2203557736,2.8289876
2203526057,2.9323502
2203540404,2.0594654
2203536042,2.7140756
2203535595,1.6029366
2203549461,2.671779
2203559081,3.0080156
2203559837,2.633195
2203548827,2.6143308
2203530478,1.8340572
2203558285,2.6050656
2203553081,2.5207098
2203518798,2.8275707
2203543552,1.8050116
2203559123,2.748352
2203555637,2.625061
2203552948,1.9087023
2203553994,2.733504
2203539620,2.9590597
2203558606,2.666614
2203559294,2.9977798
2203534113,2.44482
2203522648,2.2092993
2203475337,2.8580813
2203546472,2.803815
2203555627,2.4774768
2203557490,2.1878133
2203557525,2.9096026
2203557478,2.7820587
2203557757,2.4788594
2203559854,2.781105
2203555924,2.8311818
2203540727,2.8352988
2203529579,2.1155655
2203557314,2.4092288
2203543274,2.9436173
2203542056,1.8990335
2203553234,2.562679
2203557602,2.8261306
2203543660,2.8484862
2203559022,2.9702613
2203559380,2.7426856
2203556112,2.2060738
2203546486,2.162704
2203514164,2.2061014
2203556194,3.126233
2203469907,2.4213073
2203516439,2.8963475
2203559877,2.9096458
2203558587,2.8251474
2203556081,2.5582461
2203539792,1.8479006
2203550991,2.6959717
2203539501,2.4732726
2203525758,2.8204145
2203549053,2.4788594
2203531586,3.2966485
2203535877,2.1240392
2203556979,2.8033943
2203559459,2.512766
2203542731,2.51542
2203559406,2.7964118
2203559615,1.7370995
2203559941,2.795981
2203506697,2.870757
2203555403,2.940256
2203524536,2.940059
2203554563,3.0343037
2203527460,2.861179
2203559075,2.4837947
2203503541,2.8978446
2203545613,2.1341677
2203527273,2.8289747
2203559744,2.7784145
2203558556,2.9180634
2203513202,2.4470887
2203559899,2.998473
2203559115,2.8485487
2203559211,2.8220642
2203559482,2.7131808
2203523505,2.9701955
2203506216,2.5191085
2203542350,2.7073855
2203559339,3.0200648
2203522439,2.2001498
2203554486,2.7704237
2203556373,2.7719157
2203556760,2.8172169
2203505364,2.920068
2203524806,2.5819116
2203557581,2.600378
2203507681,2.6694188
2203551358,2.7206151
2203559367,1.7887881
2203508367,2.868575
2203558431,2.6993437
2203535000,2.9425855
2203533207,2.6186557
2203550112,2.837102
2203543569,2.7323546
2203559865,3.0384262
2203537305,1.977002
2203559643,2.8261306
2203553957,2.4440792
2203548372,2.6903093
2203555713,2.1757839
2203537434,2.022468
2203509817,2.833853
2203557320,2.858745
2203542564,2.0552006
2203523823,3.243412
2203547782,2.482797
2203558893,2.9074285
2203458790,2.6284971
2203527092,2.4567094
2203519871,2.8520968
2203532497,2.5567164
2203511183,1.798889
2203554078,2.9270198
2203554460,2.7420814
2203547835,2.743205
2203550228,2.6258311
2203538439,2.783077
2203483712,2.578019
2203556748,2.7906692
2203526613,2.4124017
2203549194,3.0165756
2203528287,2.8162172
2203532110,3.0520632
2203548501,2.781018
2203549116,2.5442407
2203558575,2.6981716
2203543239,2.4616256
2203523230,2.7740753
2203558050,2.4123716
2203558982,2.972579
2203551902,2.625061
2203555570,2.123244
2203558910,2.8929098
2203558938,2.715469
2203557198,2.641338
2203496246,2.9738612
2203523813,2.5228276
2203554046,2.4602022
2203505049,2.8072867
2203553237,2.5846245
2203557075,2.8487988
2203556406,2.4878945
2203532048,2.613818
2203549151,2.6761696
2203545207,2.7196653
2203549069,2.6249137
2203513808,2.9092646
2203469528,2.6680222
2203546408,2.5769365
2203514900,3.0163727
2203541528,2.0802202
2203553753,2.7428868
2203558954,3.0349476
2203559195,2.518999
2203560058,2.5723088
2203554380,2.4581087
2203554766,2.0290036
2203557374,1.7363194
2203557269,3.1466625
2203544974,2.172398
2203558993,2.6249137
2203518467,1.7788717
2203557913,2.8760362
2203520201,2.8950255
2203486982,2.418457
2203557018,2.718916
2203544231,3.0080557
2203557066,2.5458665
2203552598,2.5751066
2203555081,2.4306338
2203555507,2.783462
2203559928,2.9872468
2203557261,2.8259776
2203558679,2.742176
2203555702,2.9327598
2203538889,2.7317529
2203558383,3.1657972
2203559646,2.90249
2203558972,1.8206205
2203556144,2.1571388
2203555831,2.1751509
2203520970,1.7475516
2203539780,2.543005
2203550020,2.498661
2203547057,2.4660602
2203463050,2.8815253
2203555027,2.736964
2203549402,2.7861695
2203528278,2.8482475
2203535002,3.0715082
2203555445,2.4808345
2203522707,3.039316
2203559053,2.3665123
2203553655,2.7052634
2203506496,2.3967934
2203555003,3.0106394
2203552342,2.5069945
2203558839,2.724364
2203541284,3.0634794
2203558250,2.8581545
2203559982,3.1014516
2203549888,2.6887584
2203556761,2.5274167
2203550446,2.6790974
2203556496,2.5686054
2203546251,2.4276419
2203524599,2.6573203
2203559861,2.724596
2203525279,2.607425
2203546181,2.8234577
2203556451,2.7242718
2203556295,2.4824126
2203556473,2.5588906
2203555735,2.7782137
2203534907,1.852887
2203552513,2.9111729
2203555896,2.926882
2203529997,2.8489594
2203520119,2.6847575
2203505681,2.1621265
2203497651,2.73206
2203553229,2.4708674
2203547103,1.9437764
2203531961,2.6414566
2203554645,2.618309
2203529725,2.530292
2203517277,2.998473
2203549163,2.509066
2203552325,2.6499393
2203559497,2.8394582
2203539539,2.7428868
2203558594,1.5919254
2203554838,2.8105595
2203548116,2.4339292
2203532052,2.870936
2203556972,1.7677569
2203535668,1.9463463
2203522931,2.8571877
2203553691,1.6383321
2203528626,2.6186557
2203553185,2.683938
2203475161,3.1851037
2203559714,2.7420814
2203540878,2.5132418
2203524528,2.4626222
2203554344,2.6097386
2203535014,2.4246366
2203538928,2.8410676
2203557932,2.6103113
2203553715,2.6248012
2203554328,1.7909905
2203557195,2.641338
2203505378,2.4454398
2203556513,2.843462
2203512702,2.1748362
2203553378,2.7965724
2203506655,2.9533322
2203558125,1.8541393
2203520326,2.8770297
2203548273,2.530292
2203513363,2.1701608
2203559959,2.7668867
2203557996,1.6594849
2203548888,2.7695787
2203553977,2.680643
2203558094,2.8223772
2203558353,2.9196494
2203559601,3.0036159
2203520977,1.8852607
2203554293,2.7591503
2203486542,2.8485487
2203541308,2.9607875
2203554130,2.831139
2203531237,2.5146227
2203552621,2.8905666
2203559914,2.7902117
2203540103,2.724517
2203527261,2.4951382
2203514679,1.79295
2203521500,2.7147143
2203499629,2.7068427
2203556821,2.6906865
2203549201,1.8664176
2203547263,2.7127473
2203557553,3.0843205
2203547620,2.169292
2203553168,2.901755
2203559943,2.7831206
2203557843,2.6801977
2203557273,2.7692714
2203550609,2.430098
2203532941,1.8349138
2203511306,2.724517
2203550145,2.6486819
2203552819,2.50419
2203553811,2.8941905
2203559471,2.858058
2203558829,2.5707116
2203540681,2.2556071
2203556912,2.7719157
2203556778,2.3505254
2203538907,2.5442407
2203511955,2.4597602
2203530633,2.7179103
2203550674,2.904316
2203553681,2.8016193
2203538266,2.540149
2203509354,2.5411935
2203556135,2.7158074
2203487614,2.525275
2203547414,2.6160097
2203512219,1.4853401
2203557407,2.6123405
2203519997,2.1450794
2203559988,2.9945579
2203550355,2.7271867
2203557489,2.1878133
2203537466,2.679312
2203534778,2.5778313
2203515624,2.1571727
2203495418,3.0709436
2203555310,2.8040817
2203542952,2.701613
2203548163,2.826635
2203553680,3.0972207
2203541989,2.6176617
2203482013,2.9039688
2203550200,2.6247547
2203491945,3.0099874
2203551819,2.9649243
2203477830,2.5249035
2203555199,2.5413294
2203542016,1.7459834
2203547049,2.728316
2203552388,2.573886
2203547021,2.8989165
2203558690,2.6677592
2203519656,2.9001296
2203559989,2.7504156
2203559218,2.9492743
2203531179,2.5014822
2203555578,2.2464883
2203547544,2.4747658
2203550694,2.5177324
2203516170,2.846543
2203547546,1.4729441
2203510095,2.8487988
2203544019,2.2827725
2203549605,2.6337192
2203526934,2.981102
2203545494,1.6642209
2203556676,2.5553472
2203559489,2.858745
2203555756,2.6437063
2203529559,2.5611079
2203549174,2.098306
2203557708,2.9104893
2203558678,3.0182333
2203549940,3.1192153
2203538564,1.4559246
2203558976,2.86365
2203533429,2.7689457
2203559937,2.7397325
2203554868,2.6115901
2203555231,2.625997
2203552883,1.7143935
2203548661,1.632863
2203549689,2.331133
2203522447,2.825059
2203532036,2.5450025
2203489112,2.7243075
2203545639,2.7110393
2203536003,2.6455002
2203544653,1.8874828
2203545872,2.2337613
2203555687,2.6808217
2203550837,2.4212036
2203555449,2.0423846
2203558890,2.9754725
2203512949,2.782546
2203540785,1.9353698
2203543835,2.4021034
2203539017,3.289581
2203556322,2.755199
2203554635,2.764777
2203499854,2.520499
2203557986,2.7141302
2203556134,2.7227054
2203496895,2.8164055
2203558841,2.5081954
2203517183,1.802944
2203555977,2.731889
2203554326,2.2731447
2203549880,2.8796072
2203559430,2.8016193
2203557942,2.5311606
2203548313,2.809402
2203542584,2.8485487
2203554438,2.8417723
2203557352,2.3359218
2203558782,2.5748057
2203559496,2.7866623
2203559490,2.8569365
2203518480,2.8828762
2203558113,2.5424826
2203558603,2.756855
2203552252,2.40887
2203559284,2.6088562
2203535953,2.7420814
2203557499,2.7394865
2203509078,2.8606393
2203553855,2.5405505
2203560024,2.5962207
2203528576,2.6601157
2203559183,3.3770914
2203558784,2.5517786
2203555173,2.493434
2203556957,2.7855773
2203559249,2.4611063
2203513046,1.6336429
2203548828,2.850258
2203558340,3.0330658
2203532960,2.9301233
2203526979,2.6279159
2203559929,2.7397325
2203556516,3.0046623
2203543330,2.4878945
2203559955,2.3568811
2203540313,2.6111667
2203553308,2.210063
2203558768,2.7297304
2203544770,2.7499995
2203530566,2.7059646
2203559325,2.68289
2203529112,2.7733395
2203559994,2.8298488
2203542232,1.7769108
2203464630,2.607425
2203558215,3.1563864
2203506119,2.590191
2203525682,2.310232
2203521159,2.496647
2203475785,2.621509
2203552319,3.1421237
2203559645,2.883895
2203473183,2.0230193
2203559045,2.5191603
2203479622,2.5179994
2203557162,2.8089828
2203482114,1.9409231
2203559703,2.6069396
2203557497,2.72586
2203498524,2.9555163
2203555497,2.8700056
2203557923,2.5347595
2203504202,2.5132656
2203539329,2.4440792
2203559935,2.702891
2203555200,2.6624484
2203554271,2.1765199
2203537632,2.9001036
2203537586,2.5228276
2203548848,2.9589055
2203554428,2.6924756
2203548725,2.4236007
2203559444,2.6103113
2203559175,2.715469
2203508371,2.8490388
2203559669,3.0578873
2203478670,2.6845353
2203526260,3.0225825
2203554896,2.8675563
2203556096,2.9688618
2203553829,3.0021026
2203525993,2.5014822
2203557605,2.7958553
2203559067,2.425022
2203555365,2.5206099
2203508717,2.5179994
2203555975,2.6658602
2203558772,2.7330894
2203559895,2.3569326
2203559008,3.2023032
2203557802,2.6291773
2203559315,2.4796236
2203556515,2.9657087
2203554744,2.289979
2203555016,2.795896
2203559415,2.7711902
2203554556,2.733517
2203538005,2.7131338
2203551368,2.5253148
2203528403,3.1478355
2203547046,2.9404297
2203535039,2.7371135
2203539333,2.4816241
2203557671,2.2692292
2203559773,2.7390463
2203454651,2.660724
2203542059,2.3758688
2203542728,2.823342
2203554662,2.7428868
2203547922,2.8016193
2203525290,3.2703211
2203545328,2.7944503
2203554549,2.7871184
2203556052,2.678029
2203557535,2.4972868
2203555049,2.677102
2203551731,3.0983965
2203556347,2.709401
2203559419,2.8426237
2203556172,2.9586544
2203559848,2.7543929
2203544329,2.8027458
2203545558,2.8480299
2203559986,2.3228445
2203511015,2.830711
2203559254,2.4898448
2203527284,2.788284
2203526383,3.1030405
2203555834,2.5311363
2203553765,2.2006488
2203549762,2.583529
2203559122,2.7930758
2203527789,2.7506237
2203557675,2.538663
2203559352,2.7719157
2203550384,1.9889507
2203522917,2.8033943
2203546400,3.0048227
2203548825,2.8090084
2203517343,2.7498593
2203547254,2.9608727
2203546728,2.5859196
2203513103,2.741985
2203516496,2.8905926
2203552740,2.8081117
2203524515,2.2978528
2203518288,2.7086215
2203524540,2.7796347
2203557507,2.9738612
2203559245,2.7383957
2203535511,3.0662794
2203551338,2.7499518
2203554677,2.8016193
2203488009,2.5517786
2203458559,1.9590937
2203549842,2.5020921
2203558413,2.7499995
2203552843,2.6054196
2203498842,2.55777
2203553998,2.8859875
2203558152,2.8925624
2203472261,2.9024405
2203559622,2.6698203
2203555978,2.4981732
2203526995,2.607425
2203558966,2.7075434
2203555493,3.0158474
2203504931,3.0709436
2203542382,2.7689993
2203557505,2.880164
2203557806,2.6109848
2203559170,2.9044077
2203511884,2.758992
2203537277,2.9127388
2203554091,2.7335632
2203559488,2.8564134
2203559438,2.6384783
2203504248,2.6282506
2203558516,2.819019
2203546550,2.771748
2203527135,1.9271021
2203516776,1.687899
2203558625,2.843852
2203531749,2.5585158
2203502245,3.027449
2203554566,2.4624367
2203559450,2.5517786
2203558759,2.9360511
2203554577,2.3622572
2203501643,2.738503
2203556571,2.5859532
2203545621,2.5905652
2203537860,1.9496669
2203553242,2.8234577
2203504615,2.8569455
2203534781,2.9439802
2203552998,2.6770697
2203552955,2.8624263
2203524680,2.5411935
2203543579,2.7840939
2203458546,2.6847575
2203556140,2.8142874
2203541248,2.8815348
2203520600,2.6781561
2203509713,2.5722773
2203520539,2.858745
2203547977,2.8665087
2203554742,1.889273
2203523016,3.1566465
2203530797,2.894282
2203534322,2.6086137
2203512491,3.0709436
2203527946,2.562679
2203543537,2.5462818
2203542194,2.1704116
2203557619,2.6373744
2203552142,2.8674092
2203546405,2.9594843
2203556403,2.7274942
2203507195,3.0951357
2203506275,1.796568
2203559099,2.5859742
2203531553,2.7143
2203528912,2.7796347
2203536852,2.2978387
2203532877,2.7098687
2203550069,2.9336684
2203484767,2.8805099
2203555314,3.059316
2203552663,1.911245
2203545968,2.57414
2203552432,2.6851566
2203558920,2.607425
2203551380,2.9256709
2203558447,2.6706848
2203542614,2.8313148
2203557689,2.9752915
2203525027,2.7541888
2203559677,2.862703
2203534160,2.524167
2203551658,2.6631012
2203480969,2.5111763
2203558498,2.9245572
2203559624,2.6125002
2203555728,2.544833
2203551828,2.9347637
2203549390,2.4602022
2203544021,2.6516707
2203549302,2.8569455
2203533690,2.7645638
2203551917,2.6887796
2203552911,2.6603708
2203553972,2.7297032
2203546681,2.2006488
2203547634,2.822493
2203528921,2.8016193
2203528582,2.6624355
2203504257,3.0057762
2203558531,2.7030609
2203553336,1.8455771
2203550071,2.8854725
2203558349,2.6332572
2203546160,2.6041918
2203524010,2.2274852
2203557688,2.959151
2203559033,2.8812575
2203541143,2.8975935
2203545924,2.9379077
2203555757,2.4725165
2203536161,2.881214
2203528436,2.5799463
2203531707,2.7529962
2203559394,2.5132656
2203521896,2.7677066
2203559609,2.8263721
2203500104,2.8320446
2203556253,3.0708747
2203541885,2.3295598
2203556117,2.8223772
2203556799,2.6282506
2203499027,2.3926096
2203558758,3.0582795
2203549683,2.8033943
2203559275,3.1919463
2203548286,2.7227054
2203558969,2.8482027
2203546961,2.5261645
2203552421,2.8895156
2203527685,2.159589
2203557069,2.758368
2203557115,2.6450655
2203544027,2.2669723
2203518019,2.4921236
2203560004,2.411829
2203558241,2.4229925
2203543339,1.6383321
2203485725,1.7058488
2203552994,2.34276
2203524157,2.561517
2203559638,2.9323502
2203552943,2.5474122
2203555685,2.525382
2203557098,2.5899117
2203554463,2.3425045
2203555014,2.5839016
2203532725,2.6942487
2203559243,1.9110534
2203545616,2.451571
2203551830,2.132705
2203552181,1.6478908
2203504372,2.6467016
2203540783,2.1615238
2203528232,2.4417973
2203487352,2.7780626
2203528828,3.3108418
2203544755,2.7303295
2203523556,2.4952397
2203510171,2.8633523
2203557733,2.8274624
2203547043,2.728316
2203543628,2.9404142
2203559383,2.7209337
2203557910,2.7719753
2203536681,2.430098
2203544146,2.5675247
2203554502,2.8099244
2203555064,2.7793527
2203556737,2.4080331
2203557710,2.1662917
2203547050,2.6236224
2203531475,2.7301564
2203558783,2.5417984
2203557165,2.4904642
2203556639,2.4743805
2203557236,2.6212618
2203559766,2.623561
2203531720,2.5967178
2203468015,2.7344
2203559481,3.0720994
2203452010,3.0531046
2203555830,2.2721415
2203537276,3.013227
2203559516,2.8033628
2203528164,3.0477257
2203535982,2.5486526
2203545031,1.7125782
2203536410,2.94403
2203552639,2.7661922
2203558345,2.6722481
2203560025,2.5014822
2203559312,2.7920434
2203555229,2.6153038
2203550026,3.1299825
2203527950,2.728812
2203556642,2.6186557
2203474123,2.4995997
2203543629,3.0720994
2203555639,2.6420884
2203556762,2.834572
2203546409,2.949021
2203553735,2.1502447
2203526198,1.9529371
2203559948,3.219065
2203555916,2.7141302
2203518520,2.6331086
2203493222,2.8828762
2203525125,1.5927137
2203541897,2.9257946
2203512278,2.550885
2203535554,2.8144896
2203556077,2.530292
2203556207,2.5888238
2203530803,2.1025987
2203529785,3.0106394
2203553042,2.792101
2203552257,3.0108185
2203547116,1.982228
2203502462,2.4234486
2203552790,2.691393
2203534469,2.698139
2203522142,2.601148
2203528411,3.0011473
2203556795,2.8515754
2203558913,2.699988
2203549667,2.9123135
2203556635,3.127584
2203549659,2.883268
2203547644,2.718916
2203556720,2.7112072
2203540946,2.8313148
2203541067,2.7693117
2203553578,2.6282506
2203505553,3.0620255
2203550716,2.8816984
2203556161,2.7229598
2203543626,2.9459107
2203513605,2.9015152
2203558248,2.6022546
2203553277,2.79905
2203552642,2.7661922
2203554032,3.0580044
2203490579,3.0946434
2203554477,2.8207963
2203553515,3.0941794
2203532214,1.6619484
2203552814,2.9911008
2203534136,2.2318215
2203557696,2.7636027
2203554433,2.813964
2203555693,2.1906676
2203461942,2.563817
2203532677,2.4423323
2203530420,2.8365793
2203532227,2.2799454
2203549998,2.7251487
2203486508,2.3780851
2203557703,2.7522173
2203558347,2.7912924
2203539661,2.4091072
2203557450,3.0292752
2203553516,2.714421
2203510468,3.0222676
2203553533,3.165645
2203541475,2.9325848
2203513469,2.8633404
2203559120,2.5733225
2203558409,2.5517786
2203559273,3.030674
2203556281,2.6733716
2203559116,2.7193046
2203557044,2.8275707
2203494515,2.5742235
2203559057,2.3064659
2203534601,2.9877954
2203541463,3.0489273
2203558071,2.8338013
2203537976,3.2420297
2203557247,3.1495109
2203555549,2.6247344
2203559163,2.5436382
2203534306,2.9803398
2203511479,3.2012007
2203558756,2.7520318
2203555720,2.7134826
2203559947,2.5257137
2203524523,2.6853583
2203528024,2.7069552
2203528844,1.880113
2203521672,2.635959
2203556643,2.8982847
2203542635,2.7420814
2203558519,2.959151
2203518537,2.563222
2203557289,2.9114168
2203520263,2.9606676
2203549986,2.6209054
2203540992,2.635959
2203556982,2.6212618
2203500218,2.5859342
2203553953,2.6229331
2203471877,2.6991494
2203498672,3.0065827
2203559991,2.7397325
2203556774,2.8927233
2203511141,2.6494346
2203543344,2.5377107
2203559359,2.7615829
2203559303,2.723129
2203536279,2.9204679
2203543362,2.116654
2203553922,2.6552243
2203520398,2.7009962
2203548036,2.9334333
2203541816,2.827805
2203554571,2.5372577
2203473751,2.9841776
2203546684,3.0974407
2203534856,2.947897
2203557658,2.9356349
2203508952,2.0088973
2203512796,2.9535122
2203554863,2.4335544
2203553233,3.0596936
2203511143,3.1311352
2203508922,2.9768538
2203559583,2.707275
2203554610,2.9336684
2203542053,2.543738
2203514263,2.5315866
2203551631,2.9239135
2203552574,2.7235923
2203521099,2.5791416
2203545218,2.7124462
2203539685,2.6669765
2203553673,2.7473526
2203494130,2.7168283
2203554679,2.450562
2203545452,2.7776246
2203559479,2.602447
2203509969,2.8142874
2203558530,2.6447299
2203559001,3.0238495
2203556590,3.0644457
2203557003,2.5241656
2203519756,2.4433403
2203559291,2.543541
2203557466,2.6578286
2203551550,2.731889
2203491918,2.7727053
2203557542,2.5138016
2203512875,2.6988964
2203552645,3.0205736
2203558694,2.4326296
2203524794,2.5119243
2203549695,2.6987808
2203554589,2.75845
2203548975,2.9439802
2203557445,3.0156884
2203558545,2.7259805
2203558171,3.1940851
2203523114,2.98365
2203553651,1.679224
2203520312,3.0524356
2203558462,2.0395746
2203550024,2.996372
2203560003,2.9076138
2203540059,2.863265
2203540155,2.7760682
2203552287,2.8526394
2203558578,2.4549627
2203553039,2.6603708
2203517265,2.9155562
2203559916,2.9044077
2203554663,2.63736
2203532701,2.4720726
2203559484,2.97345
2203555165,2.6903827
2203559863,2.5476024
2203543568,2.7355871
2203537868,1.8295592
2203555695,2.9779308
2203555083,2.973326
2203554175,2.7591503
2203532632,2.9768384
2203502281,2.840527
2203554586,2.6378458
2203504092,2.9161158
2203559568,2.784236
2203544528,2.6201422
2203528260,2.6877902
2203557559,3.145597
2203553547,3.0411172
2203531345,2.456667
2203547585,2.7317529
2203534391,3.0977368
2203559961,2.8771105
2203554252,2.4539785
2203546370,2.8022587
2203557634,2.6403308
2203536811,2.0403547
2203514442,3.021548
2203546191,2.5665395
2203557807,2.530292
2203521749,2.928906
2203472822,2.8272033
2203546690,2.9677212
2203531890,2.2732766
2203525487,2.6628938
2203495851,2.7688444
2203555017,2.520499
2203557284,2.6062791
2203535800,2.98365
2203557548,3.1284313
2203556181,2.7327948
2203558009,2.7297225
2203559872,2.9141061
2203527900,2.2947826
2203549720,3.1724348
2203559621,3.249609
2203535746,2.7527747
2203559770,3.2176847
2203504007,2.5535183
2203512333,2.8383613
2203545402,2.9070764
2203555915,2.9320486
2203553376,2.7655077
2203553053,1.8969392
2203558958,2.8942397
2203558948,2.1468503
2203556814,2.9721348
2203555746,2.5213702
2203550245,2.6942787
2203548540,2.8275707
2203559521,2.513139
2203555872,2.6717296
2203557914,2.7654126
2203559629,2.9132407
2203553486,2.742671
2203551903,2.8031657
2203518119,2.8289747
2203546304,2.525455
2203558908,2.4201455
2203555384,2.8684046
2203548093,2.9013638
2203544794,2.5398889
2203557693,3.3873773
2203541864,2.910106
2203524269,2.7397325
2203544840,2.4953284
2203537419,2.7304997
2203551484,2.5448203
2203546297,2.7416646
2203529454,2.1388326
2203555206,2.803945
2203488494,3.1776233
2203446654,2.8656332
2203514688,2.9551582
2203527596,3.109298
2203532589,1.7309341
2203559049,3.0231254
2203541728,2.724364
2203529124,2.947897
2203546360,2.9877954
2203488190,2.6913147
2203554359,2.4402912
2203471831,2.8275845
2203555879,2.6937299
2203556869,2.8658264
2203557789,2.4708674
2203517446,2.9172082
2203511130,1.8541393
2203553224,2.654236
2203558194,2.4678755
2203503511,2.8819113
2203558197,2.6230066
2203554619,2.6647954
2203545978,2.9370139
2203532758,3.0162022
2203551284,2.9760153
2203558163,2.822493
2203555284,2.587053
2203559376,2.7798855
2203504054,2.763716
2203557700,2.6895566
2203554876,2.7424831
2203485708,2.6693165
2203556793,2.5735168
2203545118,2.8033943
2203542204,2.8394108
2203528762,2.9867847
2203559130,2.762172
2203537926,2.7098825
2203522157,2.7027566
2203553927,3.138384
2203542230,2.962279
2203550149,2.8892865
2203555887,2.6379807
2203536002,2.728812
2203556212,2.6257122
2203508414,2.8446884
2203558002,2.8730848
2203556475,1.9935374
2203539407,2.8828762
2203526311,2.7527747
2203559215,2.530292
2203550696,2.5962923
2203559637,2.5358043
2203508671,2.6852322
2203557521,2.5775316
2203557941,2.8067722
2203559108,2.562679
2203550697,2.5119243
2203557926,2.8061705
2203531077,2.822493
2203556954,2.9037843
2203553403,3.1633766
2203550039,2.8167725
2203553501,2.793255
2203558797,2.5417984
2203539545,2.5098321
2203556209,2.8228567
2203549214,2.5191603
2203510985,2.40887
2203510420,2.8556256
2203557503,2.5754185
2203509241,2.7693822
2203535577,2.6805348
2203558822,2.7576082
2203552122,2.7593036
2203522527,2.998933
2203552033,2.7787035
2203502147,1.7121203
2203557485,1.9362587
2203553652,2.6282506
2203530812,2.803945
2203558158,2.9239135
2203553051,2.497052
2203553745,2.4400096
2203553082,2.8736224
2203553157,2.8659523
2203544525,2.746138
2203514897,2.9046724
2203492214,2.64665
2203555966,3.1647058
2203552071,2.7284255
2203550947,3.0555384
2203559052,2.8895156
2203549564,2.4493365
2203539261,3.1298847
2203553496,2.5008514
2203547914,2.5745301
2203550607,2.3177876
2203558921,2.8485487
2203559058,2.8056517
2203554730,2.723129
2203520283,1.6688918
2203553008,2.5899117
2203558583,2.5363946
2203556460,3.0284834
2203546722,2.9921398
2203558863,2.6249137
2203559735,2.931953
2203559282,2.877813
2203556248,2.7607148
2203550514,2.8299274
2203512785,2.6899323
2203488788,2.587952
2203547220,2.7227054
2203526719,2.7916493
2203535904,2.2799454
2203531673,2.8700876
2203553117,2.803866
2203548846,2.8485487
2203494347,2.56489
2203552115,2.6617231
2203547818,2.45504
2203556458,2.7304997
2203557644,2.7050962
2203538940,2.6220014
2203506256,3.0148697
2203539283,2.8201015
2203468811,2.7147143
2203558244,2.6440408
2203514710,1.6707042
2203554994,2.5517786
2203559579,2.6820116
2203461701,2.4047587
2203559261,2.8658264
2203477767,2.9682527
2203534554,2.8734264
2203559480,2.9911008
2203559707,2.834123
2203551280,2.6661701
2203499948,2.5739233
2203547154,2.9082558
2203539331,2.9001808
2203537453,1.8431772
2203539260,2.8431897
2203559529,2.8534908
2203550762,1.72273
2203507066,2.80788
2203497401,2.628835
2203471960,2.7167847
2203550661,2.7740357
2203543397,2.4726162
2203555748,2.9109895
2203537560,2.6485565
2203558370,2.9906816
2203550452,2.6676495
2203559437,2.896213
2203555207,2.5004542
2203505614,2.674741
2203559793,2.7420814
2203558240,2.708333
2203554588,2.914944
2203559150,2.9737163
2203551203,2.246924
2203503681,2.8354223
2203530810,2.541702
2203559587,2.7440374
2203543148,2.9143515
2203555921,2.8691664
2203559317,2.6391182
2203559451,2.4774768
2203553955,2.5132656
2203555714,2.5517786
2203479793,2.914836
2203547798,2.6205156
2203517561,1.8295592
2203498541,2.5125353
2203508829,2.7880495
2203556693,2.903257
2203557153,2.72586
2203507963,2.5505953
2203548348,2.0088387
2203552494,2.9263484
2203540058,2.8658264
2203556220,2.8312457
2203514800,2.7351048
2203550707,3.003682
2203559114,2.6461499
2203515628,2.7346387
2203554214,2.998473
2203532912,2.7893958
2203552976,1.5666196
2203538018,2.6360414
2203543845,2.8166864
2203558505,2.76481
2203530440,2.110827
2203559324,2.9397085
2203528222,2.6649938
2203553756,2.56489
2203559330,2.7297225
2203557743,2.7473526
2203512132,2.7106984
2203559219,2.9760153
2203553420,1.8213686
2203550244,2.778816
2203477907,3.0560193
2203553948,2.8906286
2203557654,2.7920434
2203519874,2.9142046
2203532280,2.6593926
2203554804,2.9435759
2203559623,2.7473552
2203495534,2.558472
2203558449,2.5748057
2203555208,2.7209337
2203551411,3.107684
2203557997,2.7428868
2203557746,2.69871
2203534635,3.2293763
2203543766,2.659473
2203543112,2.9341998
2203544398,2.4369512
2203557698,2.8854725
2203558830,2.4212036
2203490553,3.14281
2203555191,2.5916932
2203547989,1.7227087
2203555161,2.6347353
2203559476,2.9615014
2203510853,2.8571877
2203536034,2.8344853
2203559046,2.8803732
2203556812,2.7645962
2203550521,2.8096979
2203511442,2.64234
2203531709,2.810783
2203557369,2.7806394
2203542019,3.1468651
2203533618,2.6041255
2203542148,2.9027753
2203555525,2.7428868
2203508705,2.7566273
2203558748,2.8517783
2203556865,2.7816143
2203529167,2.7529013
2203550511,2.5453455
2203499645,2.534185
2203558329,2.4322338
2203558394,3.0815208
2203554914,2.9796565
2203548402,2.7571585
2203558436,2.7541184
2203533536,2.9155045
2203557097,2.7402318
2203531867,3.1294444
2203513361,3.0305839
2203558952,2.6079895
2203551627,1.8809316
2203528767,2.1891353
2203556447,2.5846245
2203558127,1.8199888
2203539633,2.757084
2203554564,2.5517786
2203538263,2.525455
2203557015,2.9752915
2203541445,1.958277
2203558931,2.5667937
2203555853,2.6594312
2203545838,2.2303956
2203539081,3.165978
2203543083,2.402516
2203559138,2.5453484
2203555195,2.7751975
2203543077,2.287961
2203559283,2.6566074
2203535019,2.540524
2203557184,2.246464
2203559420,2.6457388
2203512884,2.9401233
2203559153,2.9877954
2203513718,2.665324
2203549663,3.0455647
2203525742,2.5315883
2203542556,2.7585008
2203529792,2.4972868
2203550278,2.8615434
2203540716,2.6739519
2203553507,2.8220642
2203557726,2.946037
2203502100,2.7362773
2203545455,3.2265778
2203545702,2.3548
2203555475,2.4972868
2203545461,2.7806394
2203557222,3.03321
2203555553,2.665682
2203514011,2.5536785
2203552599,1.8161681
2203547176,2.6661701
2203510992,2.7703247
2203549567,2.6424725
2203527806,2.803497
2203528994,2.5813568
2203491508,2.607425
2203547795,2.5257137
2203547768,2.6008415
2203554992,2.940765
2203503152,1.8272418
2203553220,2.5846245
2203559957,2.6006334
2203558854,2.5401475
2203555624,3.005788
2203545362,2.9911008
2203535655,2.7075424
2203559435,3.083056
2203504560,2.992001
2203558860,3.078689
2203554459,1.7544944
2203548451,1.6606039
2203494542,2.637094
2203522702,2.5191603
2203559852,2.4335544
2203546687,2.638887
2203487021,2.5735168
2203502349,3.1114132
2203551997,2.6999786
2203552443,2.72586
2203508139,3.2371116
2203555009,2.9711418
2203545399,2.553067
2203511711,3.243016
2203551808,2.9193013
2203553259,2.3400354
2203552888,2.5960112
2203554288,3.0869448
2203554097,2.5588906
2203547487,2.7476594
2203547101,2.0959375
2203496829,2.4138408
2203558189,2.8031657
2203539362,2.8306868
2203533447,2.923342
2203556649,2.7910604
2203506063,2.8293242
2203546339,2.9126914
2203506387,2.7147143
2203526628,2.7925527
2203500568,2.568746
2203546402,2.6491735
2203548952,2.8763006
2203524565,2.5411935
2203557705,2.680045
2203547868,2.6458843
2203528531,2.8983572
2203553683,2.7928004
2203503762,2.8132403
2203559732,2.8111238
2203556170,2.6892364
2203511820,2.4553752
2203557439,2.6837523
2203504561,2.5078175
2203524256,2.4234276
2203532105,2.701429
2203555157,3.017213
2203536797,3.0405147
2203533902,2.7889957
2203550922,2.5571008
2203557147,2.6946943
2203531541,2.8094757
2203507100,2.728316
2203558823,2.6698203
2203558764,2.7365508
2203523041,2.019773
2203495898,2.6566694
2203479422,3.0049639
2203532700,2.3494172
2203545474,2.8142874
2203556786,2.5292864
2203524749,2.8972092
2203554698,2.4154716
2203554552,2.7751467
2203538334,2.9932017
2203473278,2.242105
2203557750,2.8809626
2203553287,2.6716514
2203531170,2.9978526
2203494279,2.0575044
2203539112,3.4068544
2203504682,2.580608
2203558326,2.7584608
2203510874,2.8769803
2203558205,2.8246546
2203551855,2.8213415
2203510349,2.7139103
2203515132,1.9999832
2203547394,2.8694892
2203557206,2.7371912
2203506009,2.8160586
2203546721,2.7131808
2203487565,2.6063824
2203558096,2.9661434
2203556371,2.7552595
2203539395,2.5376527
2203559958,2.8049293
2203553989,2.9353442
2203557356,3.1003914
2203513256,2.6184409
2203546807,1.749029
2203554127,2.5322068
2203540830,2.5340223
2203540118,3.0108185
2203558608,2.9272404
2203559559,2.8656332
2203494379,2.9301233
2203501111,2.1359978
2203559233,2.876152
2203552113,2.863346
2203498025,2.6336193
2203542585,2.898869
2203538982,2.6759753
2203556662,2.620558
2203557759,2.44739
2203507835,2.8306348
2203556063,2.579562
2203547866,2.5269063
2203558706,2.7227054
2203476772,2.7688444
2203552384,2.7413223
2203542068,2.8160343
2203554839,2.8313148
2203552225,2.5257137
2203535950,2.9954667
2203556806,2.6282506
2203531108,2.00521
2203556813,2.737672
2203554646,2.7571843
2203539361,2.7577648
2203555751,2.5213702
2203494323,2.4751725
2203533999,2.9237518
2203559470,2.7383401
2203545212,2.8417883
2203558350,3.0234873
2203529198,2.83247
2203556508,2.6624355
2203550413,2.7034922
2203532279,2.769909
2203555044,2.5250955
2203556265,2.741483
2203506193,2.9038413
2203543146,2.9764228
2203540048,2.4193995
2203557613,2.7381232
2203530995,2.1765199
2203547125,3.0101624
2203528458,3.036765
2203557169,2.2642274
2203532599,2.938044
2203544570,2.766999
2203552646,2.635959
2203547907,2.6291773
2203532709,3.295809
2203547146,2.635959
2203557643,2.7000678
2203519533,2.8948038
2203541570,2.6967936
2203529214,2.829091
2203490160,2.9528866
2203509084,2.351439
2203508355,2.728812
2203539418,1.6643325
2203550015,2.5821848
2203536245,1.6052645
2203557691,3.0194697
2203547562,2.822493
2203541307,2.9911008
2203558986,2.544833
2203465939,2.2676919
2203559946,2.4972868
2203558061,2.7193954
2203548915,2.447361
2203556578,3.1834197
2203556711,2.964729
2203544207,2.6162617
2203539895,2.8091452
2203542057,2.5805452
2203556092,2.5381346
2203482184,2.6153598
2203540591,3.0050676
2203556586,2.436337
2203540571,2.5801895
2203558022,2.8707798
2203500862,2.704429
2203555171,2.7522137
2203552357,2.8312457
2203539218,2.8162389
2203544804,2.8828762
2203552549,2.5417984
2203535934,2.7878654
2203469170,2.671779
2203511790,2.5411935
2203559393,2.3837721
2203549595,2.7304997
2203547257,2.95128
2203558392,2.6343508
2203557554,3.1813326
2203499742,3.2340212
2203514995,2.7534623
2203501100,2.5680816
2203556275,2.096044
2203556171,3.0720348
2203435680,2.9866343
2203519459,3.2936378
2203540579,2.7876978
2203539199,2.8497627
2203558000,2.8374026
2203532904,2.7256398
2203541347,2.9241023
2203548089,2.940489
2203555736,2.8760364
2203558792,2.9337654
2203556597,2.549889
2203541096,2.7992792
2203559232,2.8337858
2203529341,2.756279
2203555335,2.625955
2203545009,2.800081
2203557372,2.6224372
2203469099,2.930062
2203473670,3.2359612
2203558760,2.863346
2203558585,2.8149397
2203558880,3.0473566
2203553525,3.045786
2203512525,2.7612598
2203555996,2.5722773
2203527675,2.8497627
2203546038,2.5347595
2203510860,2.9193773
2203557336,2.846923
2203556783,2.6190374
2203559076,2.7420814
2203550398,2.7612329
2203557890,2.8685546
2203557120,2.7227054
2203518535,2.9123135
2203552316,3.2599776
2203558827,2.947651
2203558906,2.6888437
2203467638,3.1667366
2203526815,2.6201758
2203559561,3.023629
2203539649,3.1656568
2203521323,2.7485657
2203559290,2.9287138
2203541322,1.5666196
2203479886,2.3249207
2203504758,2.71649
2203557329,2.8825743
2203556768,2.5842443
2203532844,2.5309932
2203556501,2.5417984
2203557961,2.3597665
2203547400,2.8132153
2203485376,3.187866
2203558116,2.7131808
2203506716,2.589034
2203548776,3.028495
2203554212,3.0561223
2203540511,2.968854
2203552029,2.8200154
2203553862,2.6831722
2203512145,2.6658142
2203558126,2.8108468
2203555689,2.4387412
2203486456,2.9161034
2203553568,2.7376008
2203553870,1.6104805
2203533978,2.7779121
2203504703,2.939529
2203552176,2.7609985
2203558891,2.8223772
2203534437,2.9912114
2203558479,2.7297304
2203559023,3.1296573
2203543316,2.7251525
2203539198,2.724596
2203555048,2.7920666
2203559131,2.8696222
2203557245,2.7024386
2203555707,2.643101
2203546183,2.4365287
2203557240,2.530292
2203553626,2.6268892
2203524894,2.487885
2203533345,2.530292
2203501364,2.9627662
2203524728,2.7108405
2203555692,2.686951
2203509733,2.9462273
2203545081,2.5045388
2203557180,2.030644
2203557600,2.6236103
2203550701,2.4212036
2203558086,2.5236623
2203557580,3.1918442
2203554684,2.8080697
2203555237,2.6158023
2203546397,2.6247344
2203557939,2.5872457
2203553060,3.029688
2203545509,3.080831
2203556861,2.8200154
2203503088,1.6416291
2203528030,3.0806139
2203558334,2.5517786
2203474788,2.7034922
2203559843,2.8482027
2203558199,2.4517727
2203524458,2.1358838
2203480055,2.8748996
2203495881,2.5349963
2203547155,2.7787035
2203541593,2.8394582
2203512356,3.017213
2203521228,2.995683
2203556302,3.3043447
2203547906,2.8717616
2203510152,2.699
2203546040,2.7625647
2203559264,2.728316
2203554935,2.8096476
2203523175,2.6819165
2203524228,2.852219
2203508024,2.054912
2203409429,1.4471602
2203539236,2.9147828
2203513550,2.664701
2203556950,2.7813337
2203519557,2.5872917
2203559034,2.5558734
2203515545,2.7230735
2203514186,3.0053113
2203554614,2.8133469
2203550897,2.3751411
2203527656,2.8024552
2203559594,2.4440792
2203525883,2.9343987
2203554805,3.0815208
2203550962,2.501534
2203541662,2.69993
2203554747,1.827344
2203551274,2.8908129
2203525966,2.7531793
2203554592,2.6890774
2203534386,2.7677166
2203550168,2.6812856
2203556764,2.5582342
2203518813,2.876766
2203503365,2.682575
2203541226,2.8559237
2203540774,2.6719785
2203539981,2.5132656
2203556531,2.4212036
2203477879,2.9954154
2203544969,2.8803735
2203558309,2.641338
2203555903,2.9336684
2203528056,2.7553172
2203558999,2.8126078
2203549901,2.7560825
2203502300,3.0822425
2203551977,2.7313895
2203530693,2.5401475
2203502404,2.5211334
2203484201,3.0108185
2203524600,3.0174663
2203557327,3.0578945
2203547803,2.9884737
2203559231,2.9336684
2203555934,2.9740734
2203558795,2.7124298
2203557024,2.8490388
2203553813,2.707139
2203552924,2.9786627
2203554506,2.6247547
2203554056,2.5461946
2203551325,2.707275
2203554842,3.0180874
2203556611,2.4754038
2203536470,2.7345512
2203555524,2.8815253
2203515038,2.6293607
2203559332,2.7943509
2203537442,2.9132328
2203528985,2.754011
2203556166,2.6424725
2203539703,2.8810596
2203556411,2.4816818
2203558934,2.71649
2203499561,1.9479443
2203554533,2.7693117
2203547150,2.7131808
2203555696,2.5246513
2203551307,2.6282506
2203556751,2.3455825
2203557335,3.0048227
2203556038,2.8752565
2203509722,1.6613007
2203557839,2.587219
2203556648,2.7397413
2203509812,2.8132153
2203553952,2.7798855
2203503613,2.8132153
2203558922,2.8200154
2203502803,2.9123135
2203541647,2.290748
2203520562,2.7774684
2203513790,2.4117355
2203552420,2.7992792
2203526016,2.5781887
2203547268,2.0471473
2203526422,2.680816
2203497033,2.8374593
2203512643,2.518999
2203558867,2.6088562
2203531332,2.7147143
2203554631,2.685638
2203526767,2.7317529
2203555508,2.6903827
2203546569,2.530292
2203558512,2.7119148
2203530597,2.5191603
2203476846,2.9111729
2203556157,2.4296007
2203477281,3.0060456
2203510048,2.718916
2203447299,2.5779297
2203504386,2.505806
2203549379,2.734455
2203538986,2.9677212
2203556864,2.5655017
2203559212,3.0795772
2203550974,2.501534
2203553073,2.9197707
2203431331,2.5729566
2203539902,2.340487
2203557278,2.543541
2203516899,2.8356955
2203526330,2.807024
2203548103,3.1063735
2203511363,2.8313148
2203554074,2.6127899
2203559603,2.5207098
2203557484,2.0007963
2203514957,2.7345147
2203556456,2.7668166
2203534800,2.7105615
2203547813,2.991761
2203558901,2.6732113
2203556167,2.7878654
2203545899,2.7391481
2203555997,2.8709123
2203552370,2.4897509
2203503997,2.4438777
2203556436,2.8449414
2203516402,2.6456304
2203559546,2.8676054
2203552368,2.8033943
2203557534,2.6820116
2203522561,2.8057752
2203556069,2.835589
2203547605,2.7989984
2203539122,3.1919463
2203532671,2.7293556
2203556448,3.0745337
2203555459,2.8188093
2203555619,3.1262913
2203506151,2.552627
2203556415,2.524167
2203534009,2.6235142
2203559333,2.4793565
2203556480,2.6338701
2203557295,2.5132656
2203526670,3.0746057
2203514675,3.017213
2203555420,2.6275136
2203522865,1.9085765
2203557858,2.9132407
2203551297,2.712052
2203527819,2.8394582
2203486895,2.9922757
2203551081,2.798737
2203555584,2.8019056
2203556202,2.3916185
2203534757,2.7191215
2203532206,1.6416291
2203518070,3.0230525
2203503994,2.4399204
2203558004,3.0190444
2203511308,2.947897
2203558601,2.5191603
2203522634,2.957687
2203522382,3.0190861
2203553429,2.7034922
2203555849,3.1237557
2203554618,2.6713789
2203559403,2.6608686
2203551780,2.6381977
2203558064,2.8291094
2203559017,2.6859577
2203530214,3.1578486
2203530746,2.030787
2203507994,2.7297225
2203530885,2.44739
2203482494,2.8708527
2203536257,2.7297304
2203546731,2.6632683
2203533645,2.743689
2203537874,2.7514172
2203557782,2.9731343
2203555209,2.6235187
2203556255,2.9142976
2203553218,2.91183
2203543500,2.80228
2203559911,2.800704
2203559956,2.5415218
2203513724,2.1975782
2203558951,2.3696322
2203551094,3.0412571
2203518814,3.1938803
2203533037,2.7793214
2203525352,2.4380426
2203551083,2.4513948
2203553622,2.9059815
2203559617,2.636937
2203528853,2.6282506
2203554656,2.7968457
2203546752,2.79905
2203558477,3.2227676
2203530066,2.842914
2203540149,3.0544088
2203556338,2.8485487
2203552890,2.8641737
2203551413,2.7105894
2203544569,2.8710601
2203554297,2.6583583
2203557211,2.530292
2203536932,2.819019
2203527622,2.0640638
2203546779,2.8485487
2203540825,2.7875693
2203552535,2.4131293
2203558187,2.4980173
2203515643,2.745961
2203549475,2.627202
2203554640,2.6198506
2203527230,3.076844
2203545672,2.6678653
2203481309,2.7430017
2203550125,2.9044845
2203546661,2.9557037
2203532642,2.7683513
2203533374,2.8643243
2203541237,2.518999
2203527571,2.6282506
2203558974,2.7227054
2203555345,2.8597639
2203554840,2.7753057
2203534697,2.406517
2203555222,2.891577
2203533976,2.638722
2203497088,2.7450333
2203548806,2.7344
2203559265,2.922764
2203526332,2.732496
2203524544,2.9388387
2203517293,1.5323126
2203523348,2.9445355
2203557155,2.2607813
2203506214,2.621509
2203535407,3.1004384
2203550029,2.7797966
2203509573,2.7801116
2203485325,2.5005713
2203515100,2.4611063
2203518254,2.7959206
2203532910,2.5253148
2203555723,2.8859158
2203551115,2.8136652
2203542126,2.5453455
2203542486,2.8254282
2203539938,2.7480419
2203532553,2.5832198
2203527517,1.811807
2203528025,2.5517786
2203556686,2.8142874
2203549937,2.97345
2203491048,3.0426621
2203557529,2.7034922
2203550041,2.6109848
2203556227,3.027449
2203507585,2.6426425
2203552726,1.6601675
2203540079,2.8606393
2203546275,2.4739869
2203511633,2.7801116
2203557969,2.9024937
2203559414,2.7776246
2203542228,2.9754827
2203558582,2.6343508
2203551805,3.129289
2203546186,2.8587747
2203559032,2.6154718
2203550433,2.4796839
2203552569,2.8703816
2203548963,2.8016193
2203528926,2.8658264
2203546403,2.6497436
2203554859,2.8961163
2203556427,2.461018
2203526421,3.0081131
2203557101,2.8962533
2203554655,2.4556658
2203529216,2.6510549
2203541092,2.8437545
2203545370,2.559155
2203557908,2.744029
2203556779,2.7885609
2203508658,3.02776
2203559009,2.7042363
2203540186,1.7834157
2203546620,3.0419059
2203504160,1.5323126
2203558416,2.346222
2203502998,2.9024937
2203556412,2.6420884
2203556529,2.5227923
2203502802,2.529247
2203544056,2.7765455
2203542530,2.5588906
2203554128,2.7250948
2203498861,2.6485565
2203509485,2.85539
2203542038,2.836586
2203458135,2.6986067
2203542161,2.9492743
2203534226,2.796958
2203495656,2.4093266
2203557298,2.9340537
2203531138,2.6432903
2203529169,2.5132656
2203517130,2.8029366
2203559206,2.865561
2203554181,1.6440398
2203558159,3.0840468
2203543340,1.7821769
2203558766,2.4229925
2203551466,2.7354202
2203559361,2.7368152
2203497513,2.725682
2203544565,2.6155508
2203555910,2.580052
2203558107,2.7027674
2203558577,2.71649
2203537207,2.889941
2203546146,2.6289046
2203546115,2.7690308
2203452008,2.618916
2203558478,2.72586
2203508776,2.8636248
2203558352,3.200447
2203556367,2.5917408
2203552523,2.5600946
2203534691,1.8886815
2203474130,2.7604437
2203552112,2.6069396
2203557428,2.9760425
2203524416,2.7214053
2203490698,2.5735168
2203553546,2.6415954
2203542548,2.534514
2203559719,2.4904642
2203554119,3.2821007
2203541130,2.7831206
2203558231,3.2454543
2203508885,2.8275084
2203473932,3.1004384
2203553012,2.502674
2203553475,3.099364
2203551706,2.7496703
2203526783,2.5330434
2203527027,3.188913
2203538180,2.8111238
2203514606,2.9328482
2203549671,2.9843962
2203555989,2.8838556
2203539918,2.8209605
2203543592,2.729381
2203559014,2.6930697
2203534416,2.9186869
2203554071,2.5417984
2203537980,2.8495271
2203517184,2.4862924
2203557426,2.7499518
2203513397,2.5322068
2203524082,2.6291773
2203557936,3.0328932
2203546232,2.6839013
2203480513,2.8356955
2203558426,2.7131808
2203544789,2.518999
2203555150,2.8686397
2203555111,2.7851996
2203544291,2.6601157
2203495940,2.97345
2203546727,2.691177
2203557584,2.758502
2203547861,2.6969783
2203542610,2.7107437
2203464350,2.996372
2203546565,1.6778903
2203543353,3.2998233
2203554004,2.9798234
2203525507,2.6573203
2203536050,3.0084732
2203528775,2.8018734
2203502917,2.5882785
2203558144,2.9472132
2203557100,3.1004384
2203557251,2.7539825
2203555217,2.5989273
2203548434,2.72586
2203558712,2.822137
2203559468,2.6398392
2203557871,2.7751975
2203544294,2.6167648
2203545900,2.8488302
2203533460,2.4600234
2203509908,3.1819537
2203548133,3.0234873
2203557280,2.5975847
2203508007,2.7235174
2203547978,2.7420814
2203559901,2.8877726
2203518405,2.9733026
2203468215,2.9722087
2203503544,2.9037426
2203558788,2.5904772
2203545107,2.777957
2203494361,2.5965054
2203556150,2.5333333
2203545479,2.914836
2203432844,2.7414331
2203554076,2.8812575
2203551025,2.9768922
2203548974,2.8011024
2203555241,2.4912772
2203546220,2.8770807
2203526130,2.813583
2203550132,2.9879029
2203559781,2.8197591
2203558750,2.7926455
2203556775,2.8378367
2203548082,2.8989165
2203557526,1.7002499
2203503938,2.8615308
2203540949,2.9170918
2203518511,2.612284
2203512492,2.8149405
2203557188,2.7543015
2203557663,2.9847248
2203557849,2.7297225
2203484080,2.6661365
2203556497,2.5417984
2203559007,2.5132656
2203549191,2.9907873
2203556155,2.5213919
2203542834,3.2278776
2203557052,2.5415218
2203504962,2.9589853
2203554245,2.863346
2203556193,2.6243303
2203559718,2.5133398
2203559246,3.1441972
2203544536,2.5846245
2203529333,2.7967124
2203513630,2.431757
2203542967,3.0414472
2203550055,2.6062164
2203559653,2.7197845
2203477647,2.0161085
2203545208,2.813964
2203542608,2.907782
2203556375,2.7829363
2203499291,2.5191603
2203524551,2.5504582
2203504585,2.3589811
2203551575,2.996372
2203534794,2.8282979
2203542171,2.8087852
2203552526,2.68029
2203554316,2.8344862
2203525298,2.6052105
2203498529,2.7957308
2203544614,2.534185
2203556126,2.664072
2203527944,2.4049087
2203494119,2.4524727
2203524582,3.137834
2203544163,2.3954425
2203559154,2.969114
2203547266,2.525811
2203544640,2.6347501
2203557390,2.4035687
2203532569,2.6044593
2203481711,2.6693165
2203528924,2.5517786
2203559903,3.0292394
2203544617,2.6186557
2203555829,1.7242815
2203521590,3.018531
2203550934,2.483348
2203555371,2.8791947
2203529183,2.725682
2203552536,2.4131293
2203516450,2.5257137
2203506094,2.2889175
2203550821,2.872731
2203540307,2.5737765
2203558439,3.1469793
2203544894,2.1257217
2203533931,2.701613
2203547845,1.6639628
2203549753,2.4206915
2203472271,2.6050982
2203552144,2.8515816
2203535037,2.5945618
2203506169,2.8312457
2203555575,2.8290036
2203521214,2.5128686
2203558683,2.6186557
2203552315,3.0815208
2203557328,2.8105595
2203556520,2.607425
2203556108,2.8500068
2203545125,2.9034476
2203541759,3.0364017
2203553316,2.2936978
2203558308,2.6494825
2203558470,2.7467601
2203551163,2.5525906
2203557794,2.8660383
2203540175,2.6300306
2203539696,2.2686036
2203537634,2.5417984
2203546082,2.6547003
2203542586,2.7992196
2203557857,3.0416753
2203534118,2.6556003
2203558864,2.8356955
2203507723,2.8033943
2203537972,2.7043183
2203490197,2.907794
2203548758,2.6127899
2203555137,2.5191603
2203553071,2.6225965
2203507395,2.8771105
2203552123,2.655326
2203485490,3.0891268
2203556188,3.0703082
2203558963,2.800704
2203553112,2.830554
2203552178,2.820128
2203553931,2.8512986
2203553247,3.0030196
2203520385,3.0245273
2203543310,2.718916
2203522879,2.9209688
2203548676,2.9218268
2203552216,2.7643733
2203526047,2.5417984
2203556164,2.6608686
2203551363,2.8044744
2203539341,2.762246
2203513332,2.8148506
2203527481,2.9945579
2203502342,2.6109848
2203531547,2.5767086
2203521558,2.5300117
2203498457,2.710407
2203554485,2.8656332
2203528718,2.708333
2203522572,1.667586
2203544140,2.9178953
2203522904,2.635959
2203532277,2.7034922
2203553084,1.8811042
2203551733,2.5907307
2203546659,2.7798855
2203531800,2.8253713
2203515449,3.0766227
2203556679,2.6724038
2203556047,2.7298899
2203557080,2.6274753
2203531751,2.685415
2203507023,2.8210313
2203546481,3.0087786
2203512285,3.0166864
2203507642,2.903131
2203518583,2.8454537
2203555866,2.3718271
2203531690,2.2185645
2203496659,2.5065286
2203514677,2.5916243
2203558837,2.8142874
2203557303,2.9046385
2203554807,2.7625606
2203557575,2.8820882
2203557148,2.7476761
2203554889,2.8007102
2203503354,2.7957308
2203549095,2.7257223
2203531757,2.430098
2203458370,2.718624
2203522178,2.6689699
2203517754,2.7776246
2203558202,2.7946975
2203556891,2.7398028
2203554765,2.5255117
2203553396,2.7297225
2203522974,2.795424
2203525612,2.73037
2203520731,2.530292
2203556785,2.6335752
2203550663,2.635491
2203531573,2.2781038
2203509204,2.9335744
2203553542,2.6415954
2203558387,2.6962838
2203496958,2.7611973
2203558184,2.6544185
2203537219,2.7878654
2203549148,2.8071685
2203551866,2.5347595
2203548374,2.9943485
2203546947,2.8367367
2203541327,1.6336429
2203555227,2.9012504
2203498858,2.6485565
2203531444,2.4394927
2203477653,2.5882785
2203556878,2.8721793
2203545011,2.6187057
2203546476,2.5651298
2203539133,2.5501316
2203559137,2.4149454
2203549216,2.5438273
2203556792,2.5859342
2203559013,2.8890367
2203527165,2.4726133
2203557414,2.808072
2203555372,2.4247637
2203474115,2.3124592
2203474122,2.4524727
2203522054,2.0012798
2203557107,2.834405
2203506131,2.7928004
2203557724,3.1630604
2203549359,2.8418744
2203527309,2.9982884
2203558840,2.9193473
2203548227,2.6262257
2203522015,1.6613007
2203557607,2.5420399
2203555889,2.8895156
2203552557,2.7131808
2203556141,2.6426525
2203551701,2.5385978
2203524314,3.0664756
2203523734,2.8636446
2203535715,2.8853405
2203526003,2.8200154
2203493058,2.43753
2203486752,2.7068427
2203516081,1.6505587
2203553227,2.6770697
2203500963,3.3943276
2203553087,2.7380528
2203555441,2.8873272
2203553716,2.6178925
2203552666,2.7097502
2203552249,2.9701955
2203549027,2.6362267
2203552288,2.940873
2203554341,2.7798855
2203501899,2.725695
2203530459,2.658357
2203559396,2.6608686
2203549607,2.6683779
2203478970,2.501609
2203554916,2.580052
2203556215,2.9123135
2203548098,2.4091072
2203553052,2.6369169
2203543578,2.0905757
2203556638,3.0103061
2203532502,2.6961102
2203520295,1.9906594
2203539469,2.7946708
2203523135,2.787856
2203508812,2.6243303
2203531938,2.6903827
2203550418,2.5483117
2203503436,2.8017118
2203536702,2.6343508
2203553189,2.7227054
2203539553,2.5194256
2203559752,2.9962137
2203529963,2.6512477
2203555446,2.9024937
2203555684,2.805337
2203531844,2.8463542
2203556432,2.749561
2203554707,2.8200154
2203517848,1.7111758
2203559630,2.5006907
2203545475,2.911623
2203555682,2.967853
2203557009,2.5066779
2203558023,2.607425
2203492549,2.4607854
2203552960,2.774932
2203531990,2.5191085
2203528735,2.6287568
2203553076,2.7831206
2203508321,2.530292
2203526453,2.7749772
2203531925,2.7126303
2203531391,3.0046122
2203522112,2.8589377
2203558183,2.5132656
2203555144,2.475247
2203558232,2.6282506
2203534965,2.639731
2203536628,2.8016193
2203542119,2.5168202
2203558735,2.673952
2203544597,2.7915971
2203545956,2.3483129
2203489879,2.9293597
2203542706,2.996372
2203559850,2.2995229
2203523788,2.7438529
2203505015,2.9164188
2203558628,2.684373
2203559747,2.7094066
2203557947,2.7776246
2203525292,1.5926414
2203502677,2.6609898
2203559428,2.7871618
2203537639,2.9228897
2203545043,2.5975847
2203544738,2.72586
2203525452,3.0083158
2203537516,2.6532528
2203556424,2.4174905
2203559366,2.911589
2203502515,2.6186557
2203504524,2.9620707
2203546067,2.6274214
2203551405,2.5417984
2203489719,3.0183508
2203554246,2.6544185
2203556708,2.9938815
2203518937,2.7103803
2203499328,2.614697
2203528732,2.6287568
2203554173,2.5132656
2203558393,2.5132656
2203559764,2.9631984
2203555020,2.7065148
2203516277,2.8293974
2203532275,2.3865829
2203542999,1.4819696
2203523761,2.7817948
2203535638,2.5618005
2203552583,2.706101
2203531094,2.6906042
2203529786,2.7147143
2203514265,3.322356
2203502548,2.915861
2203542628,2.6470203
2203525241,3.0504985
2203559817,2.6445901
2203556348,2.833433
2203557197,2.7060952
2203515757,2.811941
2203503465,2.6028645
2203443537,2.7230487
2203521246,2.8924577
2203512819,2.4828267
2203553110,2.830554
2203496536,2.7499995
2203524405,3.036755
2203528720,3.2176847
2203558691,2.6698203
2203472274,2.5994413
2203556692,2.7302775
2203553695,2.7545936
2203529942,2.6186557
2203558490,2.7451084
2203551563,2.6641357
2203555726,2.8016193
2203505877,2.9631293
2203508947,1.776702
2203510097,2.5191603
2203527960,3.0408463
2203524941,3.4124336
2203483515,2.7403922
2203554466,2.4335544
2203537768,2.607425
2203555574,2.8962612
2203549584,2.9701955
2203558405,2.9327598
2203512813,2.7598288
2203509649,2.8694534
2203482488,2.989877
2203531551,2.7167847
2203472323,2.0550559
2203505640,2.6689403
2203558019,2.72586
2203557924,2.9455676
2203559508,2.5191603
2203548411,2.6846654
2203519620,2.5257137
2203559815,2.8358364
2203552763,2.463478
2203510540,2.0530753
2203541541,2.7335632
2203559417,1.7766896
2203557065,2.5453455
2203549808,2.4073777
2203539875,2.6109848
2203557047,2.6898255
2203549173,2.5473692
2203550096,2.5100188
2203558812,2.7498143
2203555461,2.9764228
2203544541,2.6300147
2203539713,2.607425
2203543609,2.718916
2203504199,2.8354223
2203518044,2.9157083
2203518255,2.4413543
2203556022,2.8669357
2203554788,2.5715053
2203549718,2.7027426
2203541978,2.9595575
2203557137,2.9223104
2203556168,2.818055
2203526320,2.5005713
2203551763,2.8982847
2203552314,3.1622002
2203535492,2.062747
2203543315,2.6455142
2203550676,2.7798855
2203555249,2.6127899
2203552335,3.0136068
2203551951,2.9336307
2203558254,2.8836653
2203556724,2.9123135
2203557721,2.7643733
2203545027,2.8929904
2203537526,2.8151004
2203527184,2.4653955
2203503073,3.0242789
2203538264,2.714909
2203478595,2.9221928
2203553933,2.526503
2203476403,3.1991472
2203554096,2.4828267
2203536972,2.7147143
2203546363,2.7523973
2203507836,2.6752086
2203545422,2.4514117
2203535654,2.8485487
2203543700,2.5915546
2203558195,2.5037513
2203532550,2.919356
2203537724,2.8759093
2203506709,3.3420522
2203553506,2.8482027
2203548667,2.8475766
2203548101,2.9134352
2203511805,2.5442407
2203540385,2.873379
2203520585,2.7749906
2203536603,2.6732934
2203502971,3.4350266
2203534749,2.5933201
2203556618,2.4402912
2203556477,2.7302775
2203555197,2.7042363
2203537252,3.1753259
2203502921,2.993951
2203508006,2.607425
2203556575,2.8044744
2203556943,2.9649243
2203558960,2.7312748
2203547657,2.781018
2203517909,2.72586
2203557451,2.6859577
2203538478,3.1665032
2203521566,3.0394254
2203527152,2.8978446
2203549987,3.0051196
2203502958,2.6530423
2203535218,2.602995
2203522503,2.7950623
2203531763,2.607425
2203555761,2.529247
2203553653,1.7205642
2203538193,2.722265
2203527724,2.9788601
2203552935,2.6347353
2203555099,2.8481061
2203553601,2.669554
2203540128,2.364224
2203549112,2.5417984
2203524532,2.5188394
2203552106,2.4708674
2203554204,2.9911008
2203539873,2.6109848
2203514892,2.9337175
2203551188,2.8633404
2203545471,2.7878654
2203551355,2.793532
2203531736,2.747709
2203520096,3.0086954
2203543175,2.7034922
2203501149,2.7473526
2203532538,2.6331086
2203511237,2.6186557
2203556788,2.5859342
2203555880,2.693488
2203501393,2.2690487
2203532035,2.317391
2203558926,2.6603708
2203541182,3.0570588
2203557456,3.1299825
2203499509,2.7034922
2203507154,2.9875903
2203555762,2.4972868
2203554757,2.4265919
2203548829,2.4335544
2203532273,2.607425
2203551553,1.4768369
2203515016,2.8631134
2203540662,2.9389255
2203527739,3.0720348
2203544662,2.8495271
2203544867,3.0713935
2203500187,2.9670773
2203547202,2.5959058
2203525918,2.5573857
2203525311,2.563951
2203531236,2.4904642
2203556810,2.8142874
2203557886,2.7407744
2203525737,2.7261817
2203520183,3.0637877
2203488057,2.5453455
2203553868,2.743341
2203492271,2.7851996
2203529107,2.6928735
2203557755,3.0405147
2203541444,3.1747427
2203502883,2.635959
2203547284,2.6282506
2203544233,3.1797798
2203544669,2.5207098
2203534002,2.5132656
2203535778,2.7042363
2203551711,2.3828177
2203557590,2.436603
2203537679,2.7852154
2203559799,2.6638267
2203532791,2.6282976
2203558162,3.0413756
2203501421,3.401406
2203556703,2.8400059
2203555247,2.8895156
2203539871,2.6109848
2203558887,2.6814778
2203543027,2.6990972
2203558994,2.4163046
2203550827,2.8387961
2203548726,3.0810359
2203536293,2.6951797
2203555985,2.7539601
2203528308,2.9327598
2203549599,3.250525
2203556381,3.0316923
2203502233,3.1489968
2203556551,2.6410625
2203547965,2.4131293
2203531351,2.7001233
2203491452,2.9843962
2203510148,2.8708527
2203558419,2.6407628
2203496307,2.6186557
2203542373,2.8892612
2203529065,3.312346
2203486879,2.6801713
2203558930,2.72586
2203543589,2.2114034
2203510182,2.8006194
2203511573,2.790305
2203554031,2.6382942
2203553997,2.9074569
2203557311,2.6606472
2203553055,2.895418
2203515821,3.072506
2203512498,2.7796347
2203549847,2.505783
2203557189,3.0116205
2203549551,2.8500068
2203534703,2.709909
2203558853,2.6444488
2203555862,2.7297304
2203539142,2.6255002
2203555697,3.0193741
2203523950,3.1834197
2203538581,2.7499995
2203558817,2.8031657
2203540389,2.6337993
2203554643,2.8204577
2203556717,2.544833
2203508097,2.7077336
2203546281,2.4748406
2203558662,3.030027
2203530753,2.1904655
2203494050,2.5191603
2203530912,2.937485
2203516760,2.7647305
2203498912,2.4139998
2203554664,2.7034922
2203506199,2.9497693
2203557993,3.1181486
2203549470,2.3567414
2203541483,2.71649
2203552279,2.9975555
2203557224,2.6198833
2203505404,2.9913635
2203549298,3.1296573
2203488712,1.6549065
2203552327,3.0832777
2203554241,2.6854146
2203541699,3.085339
2203524807,2.8023217
2203547140,2.6675868
2203559822,2.94729
2203530935,2.9109323
2203554624,3.3043447
2203541132,2.5131257
2203501207,2.500709
2203514977,3.104436
2203536880,2.5567153
2203541416,2.8312457
2203536771,2.8230586
2203546059,2.363625
2203559599,2.9307797
2203557847,2.5132656
2203556565,2.712393
2203558988,2.5315301
2203545168,2.5211334
2203554162,2.5132656
2203542615,2.7391481
2203451495,2.607753
2203524163,2.7499995
2203551102,2.9970648
2203530437,1.654184
2203526167,2.2676919
2203524621,2.623287
2203496252,2.8910463
2203553577,2.5462818
2203472638,2.698688
2203527729,2.9127705
2203556801,2.863346
2203532916,1.8919919
2203556074,3.1738045
2203552993,2.8719156
2203525717,3.019818
2203558730,2.8690443
2203491316,3.0046122
2203539702,3.0010812
2203535990,2.6727986
2203526493,2.93266
2203540718,2.5191603
2203520055,2.7846205
2203550240,2.7656078
2203490208,2.6337616
2203511677,2.858745
2203491655,2.8872302
2203550994,2.8165917
2203529768,2.593334
2203531111,2.9566317
2203556973,2.783852
2203512681,2.8692093
2203530002,2.4695492
2203540844,2.8485487
2203529367,2.4828267
2203526832,2.8356955
2203542996,2.7244108
2203531519,2.5044968
2203559650,2.9932787
2203550898,2.550603
2203502317,2.8474703
2203537517,2.607425
2203519006,2.773883
2203540151,2.8033943
2203553770,2.550603
2203547919,2.499665
2203556440,2.4740648
2203512410,2.314182
2203550551,2.5008419
2203537281,2.5347595
2203553373,2.9111729
2203557998,2.844289
2203558629,3.0906487
2203549062,2.8152812
2203523061,2.4772296
2203536893,2.6669765
2203547772,2.9027722
2203502399,2.9706001
2203513576,2.6568525
2203539335,2.737672
2203526674,3.1095045
2203529016,2.8023217
2203556293,3.069975
2203557616,2.9707828
2203556423,2.402276
2203532417,2.6608686
2203559222,2.8196766
2203508697,3.2767086
2203477385,3.120013
2203500613,2.8387961
2203507308,2.8407044
2203540121,2.666135
2203550884,2.72586
2203555401,2.7264585
2203536054,2.380777
2203557816,2.4467695
2203556630,2.7284255
2203504534,3.0049043
2203553886,2.9304318
2203554444,2.5760972
2203534087,2.9911008
2203556733,1.7199671
2203555923,3.1063735
2203559524,2.6343508
2203557761,2.9078434
2203558418,2.693047
2203534587,2.6694107
2203555755,2.530292
2203516361,2.7668166
2203558139,3.0103061
2203542640,2.607425
2203527600,2.9881523
2203558800,2.752245
2203550581,2.640693
2203521123,2.5078175
2203529202,2.7911813
2203501958,2.6336193
2203533628,2.94225
2203467525,2.732972
2203550681,2.6924775
2203556808,2.6343508
2203523620,2.7757146
2203530652,2.4780862
2203556437,2.7835276
2203523367,2.4108877
2203540822,2.722265
2203529358,2.4828267
2203520176,2.8722656
2203558146,2.5453455
2203557612,2.6923883
2203556238,2.8859744
2203557882,2.631486
2203534491,2.6215293
2203506567,2.2902565
2203551637,1.870399
2203555194,2.7176032
2203507411,2.7960935
2203550800,2.8204763
2203556392,2.947897
2203520875,2.8653536
2203557408,2.8659863
2203510820,2.488553
2203502014,2.374277
2203545001,3.0713935
2203551938,2.4355068
2203558374,2.9854717
2203558869,2.5132656
2203526886,2.6095989
2203508677,2.9585638
2203552298,2.4339285
2203552376,2.7366881
2203540753,2.8457627
2203533072,2.427721
2203549559,2.6802187
2203504108,3.0017645
2203533446,2.6000164
2203553481,2.6698203
2203558072,2.8142874
2203551505,2.903257
2203544668,2.5985627
2203528314,2.7543929
2203557574,2.9740734
2203530006,2.5687387
2203559066,3.163676
2203532315,2.5363228
2203548367,3.071148
2203526917,3.0020947
2203512365,2.8142874
2203541247,3.0416753
2203536011,2.9911075
2203530847,2.8578825
2203548019,3.021653
2203554538,3.0924666
2203546417,2.8812575
2203524180,2.5078175
2203506508,2.7311292
2203501632,2.60529
2203553191,2.8219385
2203508653,3.0205736
2203557317,2.56411
2203556237,2.5191603
2203518359,2.8901954
2203554741,2.882976
2203506189,1.7394292
2203557783,2.5132656
2203558486,2.8289056
2203514680,2.7131808
2203536254,3.2257042
2203551857,2.7389889
2203522926,2.7297304
2203555861,2.8183386
2203504926,2.7174866
2203540829,2.2676919
2203543219,2.9192295
2203537731,2.8575246
2203544659,2.6617086
2203532151,2.8061025
2203553048,2.5665395
2203466133,2.5859342
2203447417,2.7420967
2203555275,2.512112
2203488688,1.7558783
2203526659,2.6789212
2203472170,2.3841949
2203534209,3.0162616
2203514849,2.867203
2203544859,2.5934703
2203506179,2.9868538
2203551708,2.726523
2203556300,2.7870219
2203557163,2.8329215
2203558036,2.7630703
2203559056,2.767388
2203501363,3.0205736
2203514401,2.2254481
2203538017,2.5138016
2203512264,2.9290094
2203558070,2.456667
2203556593,2.6770697
2203558453,2.5958734
2203524664,2.7972002
2203553703,2.7643733
2203513675,2.706546
2203558361,2.63469
2203518713,3.058771
2203499462,2.8628209
2203527020,2.7290335
2203558862,2.8356955
2203526972,2.7559483
2203553252,2.4878325
2203550334,2.8016193
2203556190,3.1753259
2203488167,2.568588
2203556138,2.8482027
2203486538,2.9266732
2203512610,2.897376
2203556623,2.437243
2203536295,2.825467
2203557785,2.5209389
2203556156,2.928283
2203555214,2.6153598
2203559454,2.8812575
2203505317,3.003921
2203519516,2.5191603
2203488077,2.8313148
2203523785,3.1514034
2203503194,2.9147654
2203501501,2.9462273
2203519193,2.8968973
2203526345,2.7227054
2203553459,2.6337993
2203502797,2.7796347
2203531996,2.840527
2203558878,2.89377
2203512461,2.8228831
2203558746,2.7075434
2203517279,2.6938348
2203555337,2.95336
2203487076,2.9060748
2203553917,2.7317529
2203557879,2.550603
2203541644,2.4321551
2203482014,2.9241023
2203512416,2.3190484
2203545276,2.6789074
2203536641,2.7106652
2203524541,2.8482027
2203519877,2.7738793
2203556230,2.7492123
2203505330,2.7651906
2203533113,2.795981
2203498115,2.5975847
2203502335,2.431757
2203520608,2.4193995
2203532619,2.5132656
2203528580,3.2854545
2203537266,2.6235085
2203510982,2.801735
2203513405,1.8789731
2203556266,2.3964663
2203554793,2.6096725
2203480299,2.9310868
2203554129,2.7141623
2203540540,2.5618606
2203559216,2.44574
2203514439,2.7046041
2203517733,2.6924756
2203508204,2.6551657
2203527865,2.7879786
2203522920,2.6694107
2203553465,2.343239
2203558410,2.5748057
2203550303,2.9336684
2203539554,2.5417984
2203557730,2.9229546
2203528310,2.9327598
2203550907,2.6830094
2203533271,2.4726133
2203557999,2.8658264
2203510770,2.7543454
2203485850,2.8770003
2203546471,2.5132656
2203471106,2.9241023
2203526430,2.76481
2203501631,2.9835434
2203513711,2.992355
2203505882,2.8353658
2203494607,2.5453455
2203528680,2.7978544
2203518122,3.004224
2203542882,3.0108185
2203556420,2.4402912
2203557128,2.5132656
2203529837,2.3837721
2203527337,2.7131808
2203503338,3.0157864
2203554598,3.0911846
2203542339,2.5014822
2203488249,2.607425
2203546693,3.0425262
2203546159,2.6698203
2203533206,2.768975
2203550230,2.7787035
2203538198,2.5571008
2203554979,2.9327598
2203553318,2.7463734
2203554668,3.0274918
2203553926,2.7911813
2203545211,1.827344
2203548815,3.0713935
2203526569,2.8200154
2203547910,2.7555978
2203559060,2.5234737
2203502165,2.3797412
2203559103,2.847076
2203545656,2.7806394
2203550447,2.5077248
2203523262,2.5882785
2203557325,2.4433377
2203556024,2.4586887
2203559584,3.1630604
2203557564,2.7260385
2203550014,2.5722773
2203544677,2.3494513
2203527303,2.8646786
2203541796,2.9111729
2203500924,3.5429175
2203555359,2.6246345
2203501134,2.6518135
2203554832,2.4904642
2203559133,2.5780826
2203556948,2.778524
2203550191,2.7227054
2203539070,2.3845239
2203476122,3.1415703
2203530675,2.9905915
2203543494,2.6264164
2203547002,2.6184063
2203548584,2.6264164
2203544758,2.8454273
2203542040,2.352182
2203514788,2.8493166
2203555006,2.6845353
2203503039,2.6533952
2203515525,2.0833945
2203537029,2.5453455
2203546279,2.7535875
2203557249,2.501534
2203529938,3.1418648
2203532063,2.7862616
2203547654,2.623039
2203532269,2.5640142
2203553271,2.7162814
2203521054,2.6127899
2203505459,2.8232398
2203513798,2.8742964
2203545100,3.0021498
2203554270,2.60529
2203547245,2.917101
2203552147,2.8752565
2203515002,2.8237946
2203542131,3.0627632
2203517856,2.4989638
2203506156,2.9048948
2203505411,2.8740036
2203520441,2.8352916
2203555412,2.8229718
2203541186,2.6593926
2203525826,2.955626
2203558084,2.910368
2203536283,2.8876708
2203505155,2.7499995
2203502944,2.7000024
2203557337,2.7207484
2203528264,2.760525
2203557972,2.7297225
2203501725,2.9740734
2203552988,2.86972
2203559205,2.836586
2203530735,2.8178167
2203558388,2.7428868
2203489992,3.06637
2203481578,3.0825298
2203557233,2.456667
2203546574,2.1192718
2203536590,2.5399568
2203513404,3.0108185
2203546276,2.858745
2203554332,2.822137
2203505500,2.8756554
2203535754,2.8217282
2203520644,2.7394595
2203537581,2.5861552
2203554880,2.6066322
2203526075,2.5517786
2203553875,2.7978017
2203546493,2.6467016
2203539296,2.8656332
2203514587,2.4978504
2203558062,2.7285535
2203538196,2.2995229
2203557928,2.8500068
2203501600,2.9793148
2203559012,2.5132656
2203538105,2.878185
2203518528,2.8463542
2203548786,2.7573423
2203513019,2.8796937
2203558917,2.8899126
2203551515,2.9683669
2203557267,2.8812575
2203549122,2.932826
2203552826,2.5709748
2203544526,2.7563045
2203552482,2.880947
2203529527,2.392795
2203555102,2.9470205
2203489391,2.430098
2203547052,2.501534
2203521258,2.5257137
2203514453,2.607425
2203529525,2.8430772
2203555544,2.5522842
2203532843,2.907855
2203502299,2.4026723
2203547193,2.6693165
2203522860,2.8016193
2203520576,2.9951446
2203529206,2.7428868
2203545270,2.6499527
2203497318,2.7473774
2203515006,2.747143
2203549717,2.5183694
2203551551,2.7227054
2203549647,2.4449172
2203555943,2.9427001
2203515554,2.919356
2203501249,2.9554205
2203553342,3.0108185
2203558223,2.9284985
2203530592,2.5191603
2203548245,2.5780826
2203543484,1.7746198
2203555623,2.783254
2203538647,3.0709436
2203542935,2.6983914
2203552921,2.465211
2203538197,2.2995229
2203544067,2.5247355
2203557301,2.9082131
2203506336,2.9909565
2203533810,1.6840384
